year,make,model,trim,body,transmission,vin,state,condition,odometer,color,interior,seller,mmr,sellingprice,saledate
2015,Kia,Sorento,LX,SUV,automatic,5xyktca69fg566472,ca,5,16639,white,black,kia motors america  inc,20500,21500,Tue Dec 16 2014 12:30:00 GMT-0800 (PST)
2015,Kia,Sorento,LX,SUV,automatic,5xyktca69fg561319,ca,5,9393,white,beige,kia motors america  inc,20800,21500,Tue Dec 16 2014 12:30:00 GMT-0800 (PST)
2014,BMW,3 Series,328i SULEV,Sedan,automatic,wba3c1c51ek116351,ca,45,1331,gray,black,financial services remarketing (lease),31900,30000,Thu Jan 15 2015 04:30:00 GMT-0800 (PST)
2015,Volvo,S60,T5,Sedan,automatic,yv1612tb4f1310987,ca,41,14282,white,black,volvo na rep/world omni,27500,27750,Thu Jan 29 2015 04:30:00 GMT-0800 (PST)
2014,BMW,6 Series Gran Coupe,650i,Sedan,automatic,wba6b2c57ed129731,ca,43,2641,gray,black,financial services remarketing (lease),66000,67000,Thu Dec 18 2014 12:30:00 GMT-0800 (PST)
2015,Nissan,Altima,2.5 S,Sedan,automatic,1n4al3ap1fn326013,ca,1,5554,gray,black,enterprise vehicle exchange / tra / rental / tulsa,15350,10900,Tue Dec 30 2014 12:00:00 GMT-0800 (PST)
2014,BMW,M5,Base,Sedan,automatic,wbsfv9c51ed593089,ca,34,14943,black,black,the hertz corporation,69000,65000,Wed Dec 17 2014 12:30:00 GMT-0800 (PST)
2014,Chevrolet,Cruze,1LT,Sedan,automatic,1g1pc5sb2e7128460,ca,2,28617,black,black,enterprise vehicle exchange / tra / rental / tulsa,11900,9800,Tue Dec 16 2014 13:00:00 GMT-0800 (PST)
2014,Audi,A4,2.0T Premium Plus quattro,Sedan,automatic,wauffafl3en030343,ca,42,9557,white,black,audi mission viejo,32100,32250,Thu Dec 18 2014 12:00:00 GMT-0800 (PST)
2014,Chevrolet,Camaro,LT,Convertible,automatic,2g1fb3d37e9218789,ca,3,4809,red,black,d/m auto sales inc,26300,17500,Tue Jan 20 2015 04:00:00 GMT-0800 (PST)
2014,Audi,A6,3.0T Prestige quattro,Sedan,automatic,wauhgafc0en062916,ca,48,14414,black,black,desert auto trade,47300,49750,Tue Dec 16 2014 12:30:00 GMT-0800 (PST)
2015,Kia,Optima,LX,Sedan,automatic,5xxgm4a73fg353538,ca,48,2034,red,tan,kia motors finance,15150,17700,Tue Dec 16 2014 12:00:00 GMT-0800 (PST)
2015,Ford,Fusion,SE,Sedan,automatic,3fa6p0hdxfr145753,ca,2,5559,white,beige,enterprise vehicle exchange / tra / rental / tulsa,15350,12000,Tue Jan 13 2015 12:00:00 GMT-0800 (PST)
2015,Kia,Sorento,LX,SUV,automatic,5xyktca66fg561407,ca,5,14634,silver,black,kia motors america  inc,20600,21500,Tue Dec 16 2014 12:30:00 GMT-0800 (PST)
2014,Chevrolet,Cruze,2LT,Sedan,automatic,1g1pe5sbxe7120097,ca,,15686,blue,black,avis rac/san leandro,13900,10600,Tue Dec 16 2014 12:00:00 GMT-0800 (PST)
2015,Nissan,Altima,2.5 S,Sedan,automatic,1n4al3ap5fc124223,ca,2,11398,black,black,enterprise vehicle exchange / tra / rental / tulsa,14750,14100,Tue Dec 23 2014 12:00:00 GMT-0800 (PST)
2015,Hyundai,Sonata,SE,Sedan,automatic,5npe24af4fh001562,ca,,8311,red,—,avis tra,15200,4200,Tue Dec 16 2014 13:00:00 GMT-0800 (PST)
2014,Audi,Q5,2.0T Premium Plus quattro,SUV,automatic,wa1lfafpxea085074,ca,49,7983,white,black,audi north scottsdale,37100,40000,Thu Dec 18 2014 12:30:00 GMT-0800 (PST)
2014,Chevrolet,Camaro,LS,Coupe,automatic,2g1fa1e39e9134494,ca,17,13441,black,black,wells fargo dealer services,17750,17000,Tue Dec 30 2014 15:00:00 GMT-0800 (PST)
2014,BMW,6 Series,650i,Convertible,automatic,wbayp9c53ed169260,ca,34,8819,black,black,the hertz corporation,68000,67200,Wed Dec 17 2014 12:30:00 GMT-0800 (PST)
2015,Chevrolet,Impala,LTZ,Sedan,automatic,2g1165s30f9103921,ca,19,14538,silver,black,enterprise vehicle exchange / tra / rental / tulsa,24300,7200,Tue Jul 07 2015 09:30:00 GMT-0700 (PDT)
2014,BMW,5 Series,528i,Sedan,automatic,wba5a5c51ed501631,ca,29,25969,black,black,financial services remarketing (lease),34200,30000,Tue Feb 03 2015 04:30:00 GMT-0800 (PST)
2014,Chevrolet,Camaro,LT,Convertible,automatic,2g1fb3d31e9134662,ca,,33450,black,black,avis rac/san leandro,20100,14700,Tue Dec 16 2014 12:00:00 GMT-0800 (PST)
2015,Audi,A3,1.8 TFSI Premium,Sedan,automatic,wauacgff7f1002327,ca,49,5826,gray,black,audi north scottsdale,24000,23750,Thu Dec 18 2014 12:30:00 GMT-0800 (PST)
2014,BMW,6 Series,650i,Convertible,automatic,wbayp9c57ed169262,ca,38,10736,black,black,the hertz corporation,67000,65000,Tue Jan 06 2015 12:30:00 GMT-0800 (PST)
2015,Hyundai,Sonata,SE,Sedan,automatic,5npe24af4fh038482,ca,,9281,silver,gray,enterprise vehicle exchange / tra / rental / tulsa,15150,8500,Tue Dec 16 2014 13:00:00 GMT-0800 (PST)
2015,Volvo,XC70,T6,Wagon,automatic,yv4902nb3f1198103,ca,42,16506,brown,brown,volvo na rep/world omni,32100,32500,Thu Feb 26 2015 04:30:00 GMT-0800 (PST)
2015,Volvo,XC70,T6,Wagon,automatic,yv4902nb3f1196951,ca,48,12725,beige,beige,volvo na rep/world omni,32300,32500,Thu Feb 12 2015 04:30:00 GMT-0800 (PST)
2014,BMW,X5,sDrive35i,SUV,automatic,5uxkr2c52e0h33130,ca,,11278,gray,black,avis rac/san leandro,50400,34000,Tue Dec 16 2014 13:00:00 GMT-0800 (PST)
2014,Chevrolet,Camaro,LT,Coupe,automatic,2g1fb1e35e9238302,ca,42,11874,gray,black,midway hfc fleet/ars,22200,19500,Thu Dec 18 2014 12:00:00 GMT-0800 (PST)
2014,Chevrolet,Cruze,1LT,Sedan,automatic,1g1pc5sb2e7105471,ca,42,37888,gray,black,enterprise vehicle exchange/orange,11600,11500,Tue Dec 30 2014 12:30:00 GMT-0800 (PST)
2014,Audi,SQ5,3.0T Premium Plus quattro,SUV,automatic,wa1cgafp4ea030312,ca,42,9606,white,black,audi of downtown l a,48600,47500,Thu Jan 29 2015 04:00:00 GMT-0800 (PST)
2015,Kia,Sorento,LX,SUV,automatic,5xyktca60fg565226,ca,5,13757,red,black,kia motors america  inc,20600,20750,Tue Dec 16 2014 12:30:00 GMT-0800 (PST)
2014,Audi,S5,Premium Plus quattro,Coupe,automatic,waucgafrxea001689,ca,38,5875,black,black,fratelli investment group,46500,44500,Thu Dec 18 2014 12:00:00 GMT-0800 (PST)
2015,Kia,Sorento,LX,SUV,automatic,5xyktca68fg559481,ca,44,12862,gray,black,kia motors america  inc,20700,21000,Tue Dec 16 2014 12:30:00 GMT-0800 (PST)
2014,Buick,Verano,Convenience Group,Sedan,,1g4pr5sk8e4175320,ca,2,19531,gray,gray,enterprise vehicle exchange / tra / rental / tulsa,15000,9200,Tue Jan 06 2015 04:00:00 GMT-0800 (PST)
2015,Chevrolet,Suburban,LTZ,SUV,automatic,1gnskkkc3fr187901,ca,45,11426,black,black,midway hfc fleet/ars,57300,59900,Thu Dec 18 2014 12:00:00 GMT-0800 (PST)
2014,BMW,3 Series,328i SULEV,Sedan,automatic,wba3c1c50ek108497,ca,5,111,black,—,financial services remarketing (lease),32200,30500,Thu Jan 15 2015 04:30:00 GMT-0800 (PST)
2014,BMW,M5,Base,Sedan,automatic,wbsfv9c56ed593069,ca,38,16360,black,black,the hertz corporation,65000,64250,Tue Jan 13 2015 04:30:00 GMT-0800 (PST)
2014,BMW,3 Series,328i SULEV,Sedan,automatic,wba3c1c58ek106688,ca,45,9027,white,black,financial services remarketing (lease),30200,27500,Thu Jan 15 2015 04:30:00 GMT-0800 (PST)
2014,Cadillac,ELR,Base,Coupe,automatic,1g6rr1e48eu601450,ca,47,4436,gray,black,rogue cu,49400,44000,Wed Feb 04 2015 04:30:00 GMT-0800 (PST)
2015,Hyundai,Sonata,SE,Sedan,automatic,5npe24af2fh014813,ca,,9208,silver,gray,enterprise vehicle exchange / tra / rental / tulsa,15700,10000,Thu Dec 18 2014 12:00:00 GMT-0800 (PST)
2014,BMW,6 Series,650i,Convertible,automatic,wbayp9c50ed169281,ca,32,13205,white,black,the hertz corporation,66000,65000,Tue Jan 06 2015 04:30:00 GMT-0800 (PST)
2015,Volvo,V60,T5,Wagon,automatic,yv1612sb9f1202043,ca,41,11846,white,beige,volvo na rep/world omni,31300,30000,Thu Dec 18 2014 12:30:00 GMT-0800 (PST)
2014,Chevrolet,Cruze,1LT,Sedan,,1g1pc5sb6e7128803,ca,,38261,white,—,avis tra,11450,2000,Tue Dec 16 2014 13:00:00 GMT-0800 (PST)
2014,BMW,X6,xDrive35i,SUV,automatic,5uxfg2c53e0h11080,ca,4,379,white,black,financial services remarketing (lease),54800,51700,Thu Dec 18 2014 12:30:00 GMT-0800 (PST)
2015,Volvo,V60,T5,Wagon,automatic,yv1612sb1f1201503,ca,42,12242,black,gray,volvo na rep/world omni,31200,30000,Thu Dec 18 2014 12:30:00 GMT-0800 (PST)
2014,Chevrolet,Cruze,2LT,Sedan,automatic,1g1pe5sb6e7118217,ca,34,40661,silver,black,avis corporation,13050,13000,Thu Jan 22 2015 03:30:00 GMT-0800 (PST)
2014,Acura,ILX,Technology Package,Sedan,automatic,19vde1f70ee008913,ca,25,9051,gray,black,american honda motor company,22700,21250,Thu Dec 18 2014 12:00:00 GMT-0800 (PST)
2015,Kia,Sorento,LX,SUV,automatic,5xyktca67fg570973,ca,5,13878,silver,black,kia motors america  inc,20600,20750,Tue Dec 16 2014 12:30:00 GMT-0800 (PST)
2015,Volvo,V60,T5,Wagon,automatic,yv1612sbxf1202276,ca,37,10906,silver,black,volvo na rep/world omni,31500,30000,Thu Dec 18 2014 12:30:00 GMT-0800 (PST)
2015,Nissan,Altima,2.5 S,Sedan,automatic,1n4al3ap4fn313644,ca,,10678,gray,black,enterprise vehicle exchange / tra / rental / tulsa,15150,11600,Thu Dec 18 2014 12:00:00 GMT-0800 (PST)
2014,BMW,6 Series Gran Coupe,650i,Sedan,automatic,wba6b2c51ed129563,ca,42,7305,white,black,the hertz corporation,65000,66100,Wed Dec 17 2014 12:30:00 GMT-0800 (PST)
2015,Nissan,Altima,2.5 S,Sedan,automatic,1n4al3ap1fn331213,ca,1,4314,black,black,enterprise vehicle exchange / tra / rental / tulsa,15500,11500,Tue Dec 30 2014 12:00:00 GMT-0800 (PST)
2015,Kia,K900,Luxury,Sedan,automatic,knalw4d42f6019667,ca,42,5304,blue,black,kia motors america  inc,39500,40000,Tue Feb 17 2015 04:30:00 GMT-0800 (PST)
2015,Kia,Sorento,LX,SUV,automatic,5xyktca63fg570727,ca,48,10357,silver,gray,kia motors america  inc,20700,20500,Tue Dec 16 2014 12:30:00 GMT-0800 (PST)
2015,Chevrolet,Malibu,LT,Sedan,automatic,1g11d5sl6fu106427,ca,1,6105,silver,black,enterprise vehicle exchange / tra / rental / tulsa,16600,9800,Wed Jan 14 2015 07:05:00 GMT-0800 (PST)
2015,Lexus,RX 350,Base,SUV,automatic,2t2zk1ba7fc155782,ca,43,7770,white,black,lexus financial services,41200,38400,Tue Dec 30 2014 00:00:00 GMT-0800 (PST)
2015,Kia,Sorento,LX,SUV,automatic,5xykt3a62fg579841,ca,5,5214,white,black,kia motors finance,19400,19300,Tue Dec 16 2014 12:00:00 GMT-0800 (PST)
2014,BMW,M5,Base,Sedan,automatic,wbsfv9c51ed097712,ca,47,7766,gray,black,fratelli investment group,71000,77250,Thu Dec 18 2014 12:00:00 GMT-0800 (PST)
2015,Kia,K900,Luxury,Sedan,automatic,knalw4d42f6018633,ca,44,9684,white,gray,kia motors america  inc,41000,41000,Tue Jan 20 2015 04:30:00 GMT-0800 (PST)
2015,Audi,A3,1.8 TFSI Premium,Sedan,automatic,wauacgff6f1029938,ca,2,31,white,black,enterprise vehicle exchange / tra / rental / tulsa,24200,17300,Tue Dec 23 2014 12:00:00 GMT-0800 (PST)
2015,Nissan,Versa,1.6 SL,Sedan,manual,3n1cn7ap7fl842707,ca,39,1608,purple,black,nissan-infiniti lt,10900,11000,Wed Dec 17 2014 12:30:00 GMT-0800 (PST)
2014,Chevrolet,Camaro,LT,Coupe,automatic,2g1fb1e35e9238493,ca,31,9914,black,black,midway hfc fleet/ars,22500,20600,Thu Dec 18 2014 12:00:00 GMT-0800 (PST)
2015,Hyundai,Elantra,SE,Sedan,automatic,5npdh4ae2fh565969,ca,1,7879,silver,gray,enterprise vehicle exchange / tra / rental / tulsa,13800,10500,Tue Dec 16 2014 12:00:00 GMT-0800 (PST)
2015,Kia,Sorento,LX,SUV,automatic,5xyktca6xfg560888,ca,5,14176,white,black,kia motors america  inc,20600,21250,Tue Dec 16 2014 12:30:00 GMT-0800 (PST)
2014,Chevrolet,Camaro,LT,Coupe,automatic,2g1fb1e33e9211499,ca,41,17594,gray,black,midway hfc fleet/ars,21500,19600,Thu Dec 18 2014 12:00:00 GMT-0800 (PST)
2015,Audi,A3,1.8 TFSI Premium,Sedan,automatic,wauacgff1f1002467,ca,5,1906,gray,black,audi north scottsdale,24100,25750,Thu Dec 18 2014 12:30:00 GMT-0800 (PST)
2014,BMW,6 Series,650i,Convertible,automatic,wbayp9c55ed169261,ca,4,8037,black,black,the hertz corporation,67000,65000,Tue Jan 06 2015 12:30:00 GMT-0800 (PST)
2015,Nissan,Versa Note,1.6 SV,Hatchback,automatic,3n1ce2cp8fl371361,ca,2,5773,red,black,enterprise vehicle exchange / tra / rental / tulsa,12050,9000,Tue Jan 13 2015 12:00:00 GMT-0800 (PST)
2014,Audi,A8,L 3.0T quattro,Sedan,automatic,waurgafd8en003111,ca,43,32918,black,black,audi west covina,62000,50000,Tue Dec 30 2014 12:30:00 GMT-0800 (PST)
2014,BMW,X1,sDrive28i,SUV,automatic,wbavm1c53evw47779,ca,48,19689,white,black,financial services remarketing (lease),23700,26500,Thu Dec 18 2014 12:30:00 GMT-0800 (PST)
2014,BMW,,750Li,Sedan,automatic,wbaye8c59ed134514,ca,43,12172,black,black,financial services remarketing (lease),67000,66000,Thu Dec 18 2014 12:30:00 GMT-0800 (PST)
2014,Chevrolet,Camaro,LT,Coupe,automatic,2g1fb1e31e9248986,ca,1,20595,red,gray,enterprise vehicle exchange / tra / rental / tulsa,20800,13600,Tue Dec 16 2014 13:00:00 GMT-0800 (PST)
2015,Volvo,V60,T5,Wagon,automatic,yv1612sb8f1201529,ca,4,13623,silver,black,volvo na rep/world omni,28400,28000,Thu Feb 26 2015 04:30:00 GMT-0800 (PST)
2014,BMW,6 Series,650i,Coupe,automatic,wbaym9c53ed248064,ca,4,9837,black,—,financial services remarketing (lease),62000,61500,Thu Dec 18 2014 12:30:00 GMT-0800 (PST)
2014,Chevrolet,Camaro,LT,Coupe,automatic,2g1fb1e37e9270877,ca,3,13606,black,black,enterprise vehicle exchange / tra / rental / tulsa,21400,13000,Tue Jan 06 2015 13:00:00 GMT-0800 (PST)
2014,BMW,6 Series Gran Coupe,650i,Sedan,automatic,wba6b2c53ed128866,ca,29,37752,white,black,financial services remarketing (lease),62000,58000,Tue Dec 16 2014 12:30:00 GMT-0800 (PST)
2015,Kia,Sorento,LX,SUV,automatic,5xyktca68fg570979,ca,44,9161,silver,black,kia motors america  inc,20800,22250,Tue Dec 16 2014 12:30:00 GMT-0800 (PST)
2015,Kia,Sorento,LX,SUV,automatic,5xyktca65fg571619,ca,5,11001,white,black,kia motors america  inc,20700,22500,Tue Dec 16 2014 12:30:00 GMT-0800 (PST)
2014,Buick,Enclave,Leather Group,SUV,automatic,5gakrbkd2ej294045,ca,1,14599,gray,black,enterprise vehicle exchange / tra / rental / tulsa,31000,24100,Tue Dec 30 2014 12:00:00 GMT-0800 (PST)
2014,BMW,M5,Base,Sedan,automatic,wbsfv9c54ed593085,ca,38,13386,white,black,the hertz corporation,67000,65000,Thu Dec 18 2014 12:30:00 GMT-0800 (PST)
2014,BMW,M5,Base,Sedan,automatic,wbsfv9c55ed593080,ca,41,15161,white,black,the hertz corporation,66000,65801,Tue Dec 23 2014 12:30:00 GMT-0800 (PST)
2014,Audi,TTS,quattro,Coupe,automatic,trub1afk9e1007640,ca,28,3996,silver,black,fratelli investment group,41400,34250,Thu Dec 18 2014 12:00:00 GMT-0800 (PST)
2015,Hyundai,Elantra,SE,Sedan,automatic,5npdh4ae2fh566023,ca,2,10551,red,gray,enterprise vehicle exchange / tra / rental / tulsa,13850,10600,Tue Jan 13 2015 13:00:00 GMT-0800 (PST)
2014,BMW,4 Series,428i SULEV,Coupe,automatic,wba3n7c55ef719079,ca,37,18152,white,black,street smartz auto sales corporation,31000,39750,Tue Dec 16 2014 12:30:00 GMT-0800 (PST)
2015,Kia,Sorento,LX,SUV,automatic,5xyktca64fg570963,ca,46,13452,silver,black,kia motors america  inc,20600,21500,Tue Dec 16 2014 12:30:00 GMT-0800 (PST)
2014,Chevrolet,Cruze,2LT,Sedan,automatic,1g1pe5sb5e7115504,ca,41,37938,black,black,avis rac/san leandro,12950,13700,Wed Dec 17 2014 12:30:00 GMT-0800 (PST)
2014,Chevrolet,Cruze,2LT,Sedan,automatic,1g1pe5sb0e7134820,ca,42,39623,blue,black,avis corporation,13350,13200,Thu Jan 15 2015 03:30:00 GMT-0800 (PST)
2014,Chevrolet,Silverado 2500HD,Work Truck,Crew Cab,,1gc1kvc84ef152736,ca,36,8742,white,gray,enterprise fleet management exchange  inc.,34000,34000,Thu Dec 18 2014 11:30:00 GMT-0800 (PST)
2015,Kia,Sorento,LX,SUV,automatic,5xyktca60fg563086,ca,5,16348,gray,gray,kia motors america  inc,20500,20500,Tue Dec 16 2014 12:30:00 GMT-0800 (PST)
2015,Hyundai,Elantra,SE,Sedan,automatic,5npdh4ae2fh553630,ca,,9750,blue,gray,avis rac/san leandro,13700,10000,Tue Dec 16 2014 12:00:00 GMT-0800 (PST)
2015,Hyundai,Elantra,SE,Sedan,automatic,5npdh4ae4fh552981,ca,35,3367,silver,gray,ag leaseplan,13900,13200,Wed Dec 17 2014 12:30:00 GMT-0800 (PST)
2014,Acura,MDX,Advance and Entertainment Packages,SUV,automatic,5fryd3h83eb011004,ca,49,21523,white,gray,onemain rem/m&m auto traders,39500,41500,Thu Dec 18 2014 12:00:00 GMT-0800 (PST)
2015,Ford,Fusion,SE,Sedan,automatic,3fa6p0h7xfr151689,ca,1,4205,white,black,enterprise vehicle exchange / tra / rental / tulsa,14700,12000,Wed Dec 17 2014 15:05:00 GMT-0800 (PST)
2014,BMW,6 Series,650i,Convertible,automatic,wbayp9c53ed169288,ca,37,8891,silver,black,the hertz corporation,68000,67200,Wed Dec 17 2014 12:30:00 GMT-0800 (PST)
2014,Chevrolet,Cruze,2LT,Sedan,automatic,1g1pe5sb8e7420706,ca,2,8154,silver,black,enterprise vehicle exchange / tra / rental / tulsa,14150,10000,Thu Dec 18 2014 12:00:00 GMT-0800 (PST)
2014,Chevrolet,Silverado 1500,LT,Crew Cab,automatic,3gcpcrecxeg363552,ca,37,6726,black,black,repo remarketing/visterra credit union,26900,30250,Wed Dec 17 2014 12:30:00 GMT-0800 (PST)
2014,Chevrolet,Cruze,2LT,Sedan,automatic,1g1pe5sb4e7109323,ca,37,36771,silver,black,avis rac/san leandro,13000,13600,Wed Dec 17 2014 12:30:00 GMT-0800 (PST)
2015,Kia,Sorento,LX,SUV,automatic,5xyktca67fg567068,ca,49,9552,burgundy,beige,kia motors america  inc,20800,21000,Tue Dec 16 2014 12:30:00 GMT-0800 (PST)
2014,Chevrolet,Cruze,2LT,Sedan,automatic,1g1pe5sb3e7406616,ca,1,10673,red,black,enterprise vehicle exchange / tra / rental / tulsa,14150,3300,Tue Dec 16 2014 13:00:00 GMT-0800 (PST)
2015,Volvo,V60,T5,Wagon,automatic,yv1612sb6f1202338,ca,37,14806,white,beige,volvo na rep/world omni,30700,30000,Thu Dec 18 2014 12:30:00 GMT-0800 (PST)
2014,Chevrolet,Camaro,LS,Coupe,manual,2g1fe1e34e9190976,ca,44,7924,white,black,tdaf remarketing,17850,18500,Tue Dec 16 2014 12:30:00 GMT-0800 (PST)
2015,Nissan,Altima,2.5 S,Sedan,automatic,1n4al3ap4fn310470,ca,1,12752,gray,black,enterprise vehicle exchange / tra / rental / tulsa,14600,9500,Tue Dec 30 2014 13:00:00 GMT-0800 (PST)
2014,BMW,6 Series,650i,Convertible,automatic,wbayp9c5xed169286,ca,38,19499,silver,—,the hertz corporation,63000,62000,Thu Feb 12 2015 04:30:00 GMT-0800 (PST)
2015,Hyundai,Elantra,SE,Sedan,automatic,5npdh4ae0fh574105,ca,1,6759,blue,gray,enterprise vehicle exchange / tra / rental / tulsa,13800,5800,Wed Dec 17 2014 15:05:00 GMT-0800 (PST)
2014,BMW,5 Series,535d,Sedan,automatic,wbaxa5c52ed689665,ca,48,12292,white,black,financial services remarketing (lease),46300,46500,Thu Jan 15 2015 04:30:00 GMT-0800 (PST)
2014,BMW,6 Series,650i,Convertible,automatic,wbayp9c59ed169280,ca,37,15727,white,black,the hertz corporation,66000,65000,Thu Dec 18 2014 12:30:00 GMT-0800 (PST)
2015,Kia,Sorento,LX,SUV,automatic,5xyktca64fg570672,ca,49,13711,white,black,kia motors america  inc,20600,21750,Tue Dec 16 2014 12:30:00 GMT-0800 (PST)
2014,Cadillac,SRX,Luxury,SUV,automatic,3gyfnbe32es536307,ca,44,8683,white,black,lease plan usa,33500,30000,Tue Dec 23 2014 12:00:00 GMT-0800 (PST)
2014,BMW,X5,xDrive35i,SUV,automatic,5uxkr0c54e0k49204,ca,5,4503,white,black,financial services remarketing (lease),57500,57250,Thu Dec 18 2014 12:30:00 GMT-0800 (PST)
2015,Hyundai,Elantra,SE,Sedan,automatic,5npdh4ae8fh565992,ca,2,7800,silver,gray,enterprise vehicle exchange / tra / rental / tulsa,13800,9000,Tue Dec 16 2014 12:00:00 GMT-0800 (PST)
2014,Chevrolet,Cruze,1LT,Sedan,,1g1pc5sbxe7113253,ca,28,40393,gray,black,avis corporation,11450,11700,Tue Dec 30 2014 15:00:00 GMT-0800 (PST)
2014,Chevrolet,Silverado 1500,LT,Crew Cab,automatic,3gcukrec9eg452373,ca,4,9685,white,black,ars/acme auto leasing,31700,30000,Thu Dec 18 2014 12:00:00 GMT-0800 (PST)
2015,Kia,Sorento,LX,SUV,automatic,5xyktca60fg570829,ca,5,10615,burgundy,black,kia motors america  inc,20700,20500,Tue Dec 16 2014 12:30:00 GMT-0800 (PST)
2015,Kia,Sorento,LX,SUV,automatic,5xyktca61fg560973,ca,48,13031,purple,black,kia motors america  inc,20600,20750,Tue Dec 16 2014 12:30:00 GMT-0800 (PST)
2014,Acura,ILX,Base,Sedan,automatic,19vde1f38ee011281,ca,41,12905,silver,gray,american honda motor company,19950,20400,Thu Dec 18 2014 12:00:00 GMT-0800 (PST)
2015,Kia,Sorento,LX,SUV,automatic,5xyktca61fg566806,ca,48,16611,gray,black,kia motors america  inc,20500,20750,Tue Dec 16 2014 12:30:00 GMT-0800 (PST)
2015,Volvo,V60,T5,Wagon,automatic,yv1612sb2f1201221,ca,41,12273,white,beige,volvo na rep/world omni,31200,30000,Thu Dec 18 2014 12:30:00 GMT-0800 (PST)
2014,Chevrolet,Camaro,LT,Coupe,automatic,2g1fb1e34e9292660,ca,,11204,black,black,enterprise vehicle exchange / tra / rental / tulsa,21900,10250,Tue Dec 16 2014 13:00:00 GMT-0800 (PST)
2014,Chevrolet,Cruze,2LT,Sedan,automatic,1g1pe5sb4e7102937,ca,42,40560,gray,brown,avis corporation,12800,12800,Thu Feb 12 2015 03:30:00 GMT-0800 (PST)
2015,Hyundai,Elantra,SE,Sedan,automatic,5npdh4ae5fh572401,ca,,5335,white,gray,enterprise vehicle exchange / tra / rental / tulsa,13850,6600,Tue Dec 16 2014 13:00:00 GMT-0800 (PST)
2013,Infiniti,G Coupe,G37 Sport,G Coupe,automatic,jn1cv6ek4dm921604,ca,45,14716,white,black,nissan infiniti lt,25900,25000,Thu Dec 18 2014 12:30:00 GMT-0800 (PST)
2013,Infiniti,G Sedan,G37 Journey,G Sedan,automatic,jn1cv6ap3dm726059,ca,46,68,black,black,nissan infiniti lt,25700,27250,Thu Dec 18 2014 12:30:00 GMT-0800 (PST)
2013,Infiniti,G Sedan,G37 Journey,G Sedan,automatic,jn1cv6apxdm714541,ca,45,24112,white,black,nissan infiniti lt,22800,22500,Thu Dec 18 2014 12:30:00 GMT-0800 (PST)
2013,Infiniti,G Coupe,G37 Sport,G Coupe,automatic,jn1cv6ek8dm920763,ca,47,4859,black,black,nissan infiniti lt,27200,26750,Thu Dec 18 2014 12:30:00 GMT-0800 (PST)
2013,Infiniti,G Coupe,G37 Sport,G Coupe,automatic,jn1cv6ek8dm900321,ca,45,21126,black,beige,nissan infiniti lt,25100,26500,Thu Dec 18 2014 12:30:00 GMT-0800 (PST)
2013,Infiniti,G Sedan,G37 Journey,G Sedan,automatic,jn1cv6ap5dm714009,ca,42,26675,blue,black,nissan infiniti lt,22500,23750,Thu Dec 18 2014 12:30:00 GMT-0800 (PST)
2013,Infiniti,G Sedan,G37 Journey,G Sedan,automatic,jn1cv6ap5dm713958,ca,42,19978,white,black,nissan infiniti lt,23300,24500,Thu Dec 18 2014 12:30:00 GMT-0800 (PST)
2013,Infiniti,FX,FX37,SUV,automatic,jn8cs1mu2dm140046,ca,43,10532,black,black,nissan infiniti lt,30800,32000,Thu Dec 18 2014 12:30:00 GMT-0800 (PST)
2013,Infiniti,G Sedan,G37 Journey,G Sedan,automatic,jn1cv6ap4dm712848,ca,41,25859,blue,black,infiniti financial services,22700,21750,Wed Dec 17 2014 12:30:00 GMT-0800 (PST)
2013,Hyundai,Santa Fe,Limited,SUV,automatic,km8srdhf0du002596,ca,5,14974,white,gray,hyundai buybacks,28300,27000,Tue Dec 16 2014 12:00:00 GMT-0800 (PST)
2013,Hyundai,Genesis,5.0 R-Spec,Sedan,automatic,kmhgc4dh7du220016,ca,47,21463,gray,black,hyundai motor america/co car,27100,27400,Tue Dec 16 2014 12:00:00 GMT-0800 (PST)
2013,Hyundai,Equus,Signature,Sedan,automatic,kmhgh4jh9du063479,ca,41,22961,gray,black,hyundai buybacks,31500,25000,Tue Jan 13 2015 12:00:00 GMT-0800 (PST)
2013,Infiniti,G Sedan,G37 Journey,G Sedan,automatic,jn1cv6ap1dm302069,ca,37,21144,—,black,nissan infiniti lt,23100,24250,Thu Dec 18 2014 12:30:00 GMT-0800 (PST)
2013,Hyundai,Elantra,GLS,Sedan,automatic,kmhdh4ae9du490167,ca,26,56651,red,beige,hyundai motor finance,10250,10700,Tue Dec 16 2014 12:00:00 GMT-0800 (PST)
2013,Hyundai,Santa Fe,Limited,SUV,automatic,km8srdhf8du000644,ca,5,11439,white,brown,hyundai motor america/co car,28500,30800,Tue Dec 16 2014 12:00:00 GMT-0800 (PST)
2013,Hyundai,Elantra,GLS,Sedan,automatic,5npdh4ae8dh348469,ca,44,39935,silver,gray,enterprise vehicle exchange/orange,11250,11000,Wed Dec 17 2014 12:30:00 GMT-0800 (PST)
2013,Infiniti,G Coupe,G37 Sport,G Coupe,automatic,jn1cv6ek0dm900927,ca,41,20317,gray,black,nissan infiniti lt,25200,26250,Thu Dec 18 2014 12:30:00 GMT-0800 (PST)
2013,Hyundai,Elantra,GLS,Sedan,automatic,5npdh4ae5dh342001,ca,2,37436,silver,gray,enterprise vehicle exchange / tra / rental / tulsa,11400,8800,Tue Dec 16 2014 12:00:00 GMT-0800 (PST)
2013,Infiniti,G Sedan,G37 Journey,G Sedan,automatic,jn1cv6ap9dm712232,ca,35,26888,white,gray,nissan infiniti lt,22400,23250,Thu Dec 18 2014 12:30:00 GMT-0800 (PST)
2013,Infiniti,G Coupe,G37 Sport,G Coupe,automatic,jn1cv6ek0dm920093,ca,48,7815,white,black,nissan infiniti lt,26800,27000,Thu Dec 18 2014 12:30:00 GMT-0800 (PST)
2013,Hyundai,Sonata,GLS,Sedan,automatic,5npeb4ac9dh691294,ca,43,54830,silver,gray,avis rac/san leandro,10950,11500,Wed Dec 17 2014 12:30:00 GMT-0800 (PST)
2013,Hyundai,Elantra,GLS,Sedan,manual,5npdh4ae9dh235016,ca,49,2606,white,beige,hyundai motor america/co car,13450,12300,Tue Dec 16 2014 12:00:00 GMT-0800 (PST)
2013,Hyundai,Sonata,GLS,Sedan,automatic,5npeb4ac4dh712021,ca,39,36416,blue,gray,enterprise vehicle exchange/orange,12150,11400,Wed Dec 17 2014 12:30:00 GMT-0800 (PST)
2013,Hyundai,Elantra,GLS,Sedan,automatic,5npdh4ae0dh356789,ca,45,26412,black,beige,aaero sweet company,12050,11750,Wed Dec 17 2014 12:15:00 GMT-0800 (PST)
2013,Hyundai,Sonata Hybrid,Limited,Sedan,automatic,kmhec4a40da089523,ca,21,11099,silver,gray,hyundai motor america/co car,19650,16500,Tue Jan 27 2015 04:30:00 GMT-0800 (PST)
2013,Infiniti,G Sedan,G37 Journey,G Sedan,automatic,jn1cv6ap0dm725418,ca,45,11250,black,black,nissan infiniti lt,24300,23500,Thu Dec 18 2014 12:30:00 GMT-0800 (PST)
2013,Hyundai,Sonata Hybrid,Limited,Sedan,automatic,kmhec4a46da091860,ca,48,16386,white,gray,hyundai motor america/co car,18000,18800,Tue Dec 16 2014 12:00:00 GMT-0800 (PST)
2013,Hyundai,Santa Fe,Sport,SUV,automatic,5xyztdlb9dg057378,ca,48,20663,gray,gray,hyundai motor america/co car,19500,19200,Tue Dec 16 2014 12:00:00 GMT-0800 (PST)
2013,Infiniti,G Sedan,G37 Journey,G Sedan,automatic,jn1cv6ap2dm714887,ca,43,16154,gray,black,nissan infiniti lt,23700,22750,Thu Dec 18 2014 12:30:00 GMT-0800 (PST)
2013,Infiniti,G Sedan,G37 Journey,G Sedan,automatic,jn1cv6ap2dm712055,ca,42,22405,gray,gray,nissan infiniti lt,23000,23000,Thu Dec 18 2014 12:30:00 GMT-0800 (PST)
2013,Infiniti,G Sedan,G37 Journey,G Sedan,automatic,jn1cv6ap5dm713801,ca,38,28172,silver,black,nissan infiniti lt,22300,21000,Thu Dec 18 2014 12:30:00 GMT-0800 (PST)
2013,Infiniti,G Sedan,G37 Journey,G Sedan,automatic,jn1cv6ap2dm712170,ca,47,18600,white,black,nissan infiniti lt,23400,24750,Thu Dec 18 2014 12:30:00 GMT-0800 (PST)
2013,Infiniti,G Coupe,G37 Sport,G Coupe,automatic,jn1cv6ek5dm900518,ca,43,17523,—,black,nissan infiniti lt,25600,26500,Thu Dec 18 2014 12:30:00 GMT-0800 (PST)
2013,Infiniti,G Sedan,G37 Journey,G Sedan,automatic,jn1cv6apxdm712417,ca,4,11440,black,black,nissan infiniti lt,24300,23000,Thu Dec 18 2014 12:30:00 GMT-0800 (PST)
2013,Hyundai,Sonata,GLS,Sedan,automatic,5npeb4ac5dh771160,ca,36,28231,gray,gray,gm financial,12650,13400,Wed Dec 17 2014 12:30:00 GMT-0800 (PST)
2013,Hyundai,Santa Fe,Limited,SUV,automatic,km8sr4hf7du008024,ca,42,13225,black,brown,hyundai motor america/co car,23400,26000,Tue Dec 16 2014 12:00:00 GMT-0800 (PST)
2013,Hyundai,Sonata,GLS,Sedan,automatic,5npeb4acxdh744455,ca,35,41888,gray,gray,avis corporation,11800,11900,Thu Dec 18 2014 11:30:00 GMT-0800 (PST)
2013,Hyundai,Sonata,Limited,Sedan,automatic,5npec4ac6dh513954,ca,37,35428,black,beige,hyundai motor finance,16000,16200,Tue Jan 13 2015 04:30:00 GMT-0800 (PST)
2013,Hyundai,Elantra,GLS,Sedan,automatic,5npdh4ae4dh327134,ca,35,36307,gray,gray,enterprise vehicle exchange/orange,11500,11700,Tue Dec 16 2014 12:30:00 GMT-0800 (PST)
2013,Hyundai,Sonata Hybrid,Limited,Sedan,automatic,kmhec4a48da092248,ca,46,13736,black,beige,hyundai motor america/co car,18350,17700,Tue Dec 16 2014 12:00:00 GMT-0800 (PST)
2013,Hyundai,Elantra,GLS,Sedan,automatic,5npdh4ae8dh345667,ca,2,25442,gold,beige,enterprise vehicle exchange / tra / rental / tulsa,12150,6700,Tue Dec 16 2014 12:00:00 GMT-0800 (PST)
2013,Infiniti,G Sedan,G37 Journey,G Sedan,automatic,jn1cv6ap4dm303216,ca,44,15208,white,black,nissan infiniti lt,23800,25250,Thu Dec 18 2014 12:30:00 GMT-0800 (PST)
2013,Infiniti,G Sedan,G37 Journey,G Sedan,automatic,jn1cv6apxdm713003,ca,25,10929,white,gray,nissan infiniti lt,24700,21000,Tue Dec 16 2014 12:30:00 GMT-0800 (PST)
2013,Infiniti,G Sedan,G37 Journey,G Sedan,automatic,jn1cv6ap9dm300442,ca,44,29672,white,black,nissan infiniti lt,22100,23000,Thu Dec 18 2014 12:30:00 GMT-0800 (PST)
2013,Infiniti,G Sedan,G37 Journey,G Sedan,automatic,jn1cv6apxdm712403,ca,37,22165,black,beige,nissan infiniti lt,23000,22750,Thu Dec 18 2014 12:30:00 GMT-0800 (PST)
2013,Infiniti,G Sedan,G37 Journey,G Sedan,automatic,jn1cv6ap8dm717292,ca,45,21263,black,beige,nissan infiniti lt,23100,22000,Thu Dec 18 2014 12:30:00 GMT-0800 (PST)
2013,Infiniti,G Sedan,G37 Journey,G Sedan,automatic,jn1cv6apxdm715446,ca,45,24971,gray,black,nissan infiniti lt,22900,21250,Wed Dec 17 2014 12:30:00 GMT-0800 (PST)
2013,Hyundai,Elantra,Limited,Sedan,automatic,5npdh4ae0dh358462,ca,45,37290,white,beige,enterprise vehicle exchange/orange,11400,11000,Wed Dec 17 2014 12:30:00 GMT-0800 (PST)
2013,Hyundai,Santa Fe,Sport 2.0T,SUV,automatic,5xyzw3la5dg114166,ca,47,17367,black,beige,hyundai motor america/co car,21400,24100,Tue Dec 16 2014 12:00:00 GMT-0800 (PST)
2013,Infiniti,G Sedan,G37 Journey,G Sedan,automatic,jn1cv6ap6dm714973,ca,43,11847,white,beige,nissan infiniti lt,24200,25000,Thu Dec 18 2014 12:30:00 GMT-0800 (PST)
2013,Infiniti,G Sedan,G37 Journey,G Sedan,automatic,jn1cv6ap9dm719505,ca,41,15562,gray,black,nissan infiniti lt,23800,24500,Thu Dec 18 2014 12:30:00 GMT-0800 (PST)
2013,Hyundai,Sonata,Limited,Sedan,automatic,5npec4ac2dh608074,ca,43,18479,white,burgundy,hyundai motor america/co car,16900,18100,Tue Dec 16 2014 12:00:00 GMT-0800 (PST)
2013,Infiniti,G Sedan,G37 Journey,G Sedan,automatic,jn1cv6ap8dm711170,ca,44,22021,black,black,nissan infiniti lt,23000,22000,Thu Dec 18 2014 12:30:00 GMT-0800 (PST)
2013,Hyundai,Accent,GLS,Sedan,automatic,kmhct4ae9du436426,ca,2,34136,black,beige,enterprise vehicle exchange / tra / rental / tulsa,9700,8100,Tue Dec 23 2014 12:00:00 GMT-0800 (PST)
2013,Infiniti,G Sedan,G37 Journey,G Sedan,automatic,jn1cv6ap7dm710348,ca,4,28668,gray,—,nissan infiniti lt,22400,23000,Tue Dec 23 2014 12:30:00 GMT-0800 (PST)
2013,Hyundai,Veloster,Turbo,Hatchback,automatic,kmhtc6ae4du168333,ca,36,10474,white,black,hyundai motor america/co car,15000,16100,Tue Dec 16 2014 12:00:00 GMT-0800 (PST)
2013,Infiniti,G Coupe,G37 Sport,G Coupe,automatic,jn1cv6ek3dm921383,ca,42,16338,gray,black,nissan infiniti lt,25700,25500,Thu Dec 18 2014 12:30:00 GMT-0800 (PST)
2013,Hyundai,Accent,GLS,Sedan,automatic,kmhct4ae6du446069,ca,,47010,silver,gray,hertz/tra,9275,3500,Tue Dec 16 2014 13:00:00 GMT-0800 (PST)
2013,Hyundai,Elantra Coupe,SE,Elantra Coupe,automatic,kmhdh6ae8du000216,ca,43,11809,black,black,hyundai motor america/co car,14600,16100,Tue Dec 16 2014 12:00:00 GMT-0800 (PST)
2013,Infiniti,G Coupe,G37 Sport,G Coupe,automatic,jn1cv6ekxdm920134,ca,42,15131,white,black,nissan infiniti lt,25900,26000,Thu Dec 18 2014 12:30:00 GMT-0800 (PST)
2013,Infiniti,G Sedan,G37 Journey,G Sedan,automatic,jn1cv6ap4dm301420,ca,45,28053,black,black,nissan infiniti lt,22300,25000,Thu Dec 18 2014 12:30:00 GMT-0800 (PST)
2013,Infiniti,G Sedan,G37 Journey,G Sedan,automatic,jn1cv6ap0dm711499,ca,41,19587,blue,gray,nissan infiniti lt,23300,23500,Thu Dec 18 2014 12:30:00 GMT-0800 (PST)
2013,Infiniti,G Sedan,G37 Journey,G Sedan,automatic,jn1cv6ap1dm712628,ca,46,20246,gray,black,nissan infiniti lt,23200,24750,Thu Dec 18 2014 12:30:00 GMT-0800 (PST)
2013,Infiniti,G Sedan,G37 Journey,G Sedan,automatic,jn1cv6ap7dm300469,ca,41,19957,—,beige,nissan infiniti lt,23300,21750,Thu Dec 18 2014 12:30:00 GMT-0800 (PST)
2013,Infiniti,G Sedan,G37 Journey,G Sedan,automatic,jn1cv6apxdm712658,ca,37,17337,white,black,nissan infiniti lt,23600,20250,Tue Dec 23 2014 12:30:00 GMT-0800 (PST)
2013,Hyundai,Sonata,GLS,Sedan,automatic,5npeb4ac5dh682009,ca,1,48510,white,tan,hertz/tra,11350,6500,Tue Dec 16 2014 13:00:00 GMT-0800 (PST)
2013,Infiniti,G Sedan,G37 Journey,G Sedan,automatic,jn1cv6ap8dm716627,ca,36,23104,blue,black,nissan infiniti lt,22900,22750,Thu Dec 18 2014 12:30:00 GMT-0800 (PST)
2013,Infiniti,G Sedan,G37 Journey,G Sedan,automatic,jn1cv6ap3dm713263,ca,46,5017,white,beige,nissan infiniti lt,25100,23500,Thu Dec 18 2014 12:30:00 GMT-0800 (PST)
2013,Infiniti,G Sedan,G37 Journey,G Sedan,automatic,jn1cv6ap5dm714785,ca,22,24054,gray,black,nissan infiniti lt,22900,18750,Tue Dec 23 2014 12:30:00 GMT-0800 (PST)
2013,Hyundai,Sonata,GLS,Sedan,automatic,5npeb4ac5dh743407,ca,37,36194,silver,gray,avis rac/san leandro,12150,13200,Wed Dec 17 2014 12:30:00 GMT-0800 (PST)
2013,Infiniti,G Sedan,G37 Journey,G Sedan,automatic,jn1cv6ap9dm715258,ca,26,14264,white,tan,nissan infiniti lt,23900,20750,Tue Dec 23 2014 12:30:00 GMT-0800 (PST)
2013,Hyundai,Sonata Hybrid,Limited,Sedan,automatic,kmhec4a41da089739,ca,47,8595,silver,gray,hyundai motor america/co car,19100,18500,Tue Dec 16 2014 12:00:00 GMT-0800 (PST)
2013,Hyundai,Accent,GS,Hatchback,automatic,kmhct5ae4du128991,ca,46,9927,black,black,hyundai motor america/co car,10800,11300,Tue Dec 16 2014 12:00:00 GMT-0800 (PST)
2013,Hyundai,Elantra,GLS,Sedan,automatic,5npdh4ae0dh335103,ca,35,37759,beige,beige,avis corporation,11400,11800,Tue Dec 16 2014 12:30:00 GMT-0800 (PST)
2013,Infiniti,G Sedan,G37 Journey,G Sedan,automatic,jn1cv6ap1dm300757,ca,43,17232,white,—,nissan infiniti lt,23600,24500,Thu Dec 18 2014 12:30:00 GMT-0800 (PST)
2013,Infiniti,FX,FX37,SUV,automatic,jn8cs1mw7dm174050,ca,41,40087,gray,black,infiniti financial services,27700,27250,Tue Dec 23 2014 12:30:00 GMT-0800 (PST)
2013,Hyundai,Elantra,GLS,Sedan,automatic,5npdh4ae4dh388614,ca,1,25960,gray,gray,enterprise vehicle exchange / tra / rental / tulsa,12100,8800,Tue Dec 16 2014 12:00:00 GMT-0800 (PST)
2013,Infiniti,G Sedan,G37 Journey,G Sedan,automatic,jn1cv6ap6dm711376,ca,35,25132,white,black,nissan infiniti lt,22600,23500,Thu Dec 18 2014 12:30:00 GMT-0800 (PST)
2013,Infiniti,G Sedan,G37 Journey,G Sedan,automatic,jn1cv6ap7dm711712,ca,43,14887,gray,black,nissan infiniti lt,23900,24500,Thu Dec 18 2014 12:30:00 GMT-0800 (PST)
2013,Hyundai,Accent,GLS,Sedan,automatic,kmhct4ae3du421257,ca,36,41841,gray,beige,dtg operations inc,9425,9400,Tue Dec 16 2014 12:30:00 GMT-0800 (PST)
2013,Hyundai,Azera,Base,Sedan,automatic,kmhfg4jgxda201053,ca,45,34566,silver,black,hyundai motor america/co car,20000,20300,Tue Dec 16 2014 12:00:00 GMT-0800 (PST)
2013,Hyundai,Santa Fe,Sport 2.0T,SUV,automatic,5xyzwdla8dg094937,ca,5,10747,black,black,hyundai motor america/co car,19850,25800,Tue Dec 16 2014 12:00:00 GMT-0800 (PST)
2013,Hyundai,Elantra,GLS,Sedan,automatic,5npdh4ae0dh320214,ca,1,42798,gray,gray,fox rent a car tra,11100,7600,Tue Dec 16 2014 12:00:00 GMT-0800 (PST)
2013,Hyundai,Sonata Hybrid,Base,Sedan,automatic,kmhec4a46da091339,ca,44,16684,white,tan,hyundai motor america/co car,14900,14800,Tue Dec 16 2014 12:00:00 GMT-0800 (PST)
2013,Infiniti,G Sedan,G37 Journey,G Sedan,automatic,jn1cv6ap3dm711108,ca,19,18420,gray,beige,nissan infiniti lt,23700,18250,Tue Dec 16 2014 12:30:00 GMT-0800 (PST)
2013,Hyundai,Elantra,GLS,Sedan,automatic,5npdh4ae2dh375957,ca,2,35824,gray,gray,enterprise vehicle exchange / tra / rental / tulsa,11500,8700,Thu Dec 18 2014 12:00:00 GMT-0800 (PST)
2013,Infiniti,G Coupe,G37 Sport,G Coupe,automatic,jn1cv6ek2dm920760,ca,41,17090,black,black,nissan infiniti lt,25600,21500,Thu Dec 18 2014 12:30:00 GMT-0800 (PST)
2013,Infiniti,G Coupe,G37 Sport,G Coupe,automatic,jn1cv6ek1dm921866,ca,26,12735,black,black,nissan infiniti lt,26300,22500,Tue Dec 16 2014 12:30:00 GMT-0800 (PST)
2013,Infiniti,G Sedan,G37 Journey,G Sedan,automatic,jn1cv6apxdm714507,ca,43,24031,blue,black,nissan infiniti lt,22800,20500,Thu Dec 18 2014 12:30:00 GMT-0800 (PST)
2013,Infiniti,G Sedan,G37 Journey,G Sedan,automatic,jn1cv6ap9dm711176,ca,37,29907,gray,black,nissan infiniti lt,21400,21000,Thu Jan 15 2015 04:30:00 GMT-0800 (PST)
2013,Hyundai,Tucson,GLS,SUV,automatic,km8ju3ac4du587297,ca,42,19109,red,black,hyundai motor america/co car,16450,17500,Tue Dec 16 2014 12:00:00 GMT-0800 (PST)
2013,Infiniti,G Sedan,G37 Journey,G Sedan,automatic,jn1cv6ap0dm713933,ca,43,26396,gray,black,nissan infiniti lt,22500,23750,Thu Dec 18 2014 12:30:00 GMT-0800 (PST)
2013,Infiniti,G Sedan,G37 Journey,G Sedan,automatic,jn1cv6ap5dm715158,ca,21,23507,gray,black,nissan infiniti lt,23000,21000,Wed Dec 17 2014 12:30:00 GMT-0800 (PST)
2013,Hyundai,Sonata,GLS,Sedan,automatic,5npeb4ac9dh760050,ca,38,34745,white,tan,avis corporation,12250,12700,Tue Dec 16 2014 12:30:00 GMT-0800 (PST)
2013,Hyundai,Elantra,Limited,Sedan,automatic,kmhdh4ae2du972303,ca,48,10564,black,gray,hyundai motor america/co car,15350,16500,Tue Dec 16 2014 12:00:00 GMT-0800 (PST)
2013,Hyundai,Azera,Base,Sedan,automatic,kmhfg4jg8da325905,ca,47,16132,black,black,hyundai motor america/co car,21200,21400,Tue Dec 16 2014 12:00:00 GMT-0800 (PST)
2013,Infiniti,G Sedan,G37 Journey,G Sedan,automatic,jn1cv6ap4dm302678,ca,47,16854,gray,gray,nissan infiniti lt,23600,25750,Thu Dec 18 2014 12:30:00 GMT-0800 (PST)
2013,Infiniti,G Sedan,G37 Journey,G Sedan,automatic,jn1cv6ap0dm712524,ca,44,19551,white,black,nissan infiniti lt,23300,25000,Wed Dec 17 2014 12:30:00 GMT-0800 (PST)
2013,Infiniti,G Sedan,G37 Journey,G Sedan,automatic,jn1cv6ap3dm301392,ca,44,14486,brown,black,nissan infiniti lt,23900,22000,Thu Dec 18 2014 12:30:00 GMT-0800 (PST)
2013,Hyundai,Sonata Hybrid,Limited,Sedan,automatic,kmhec4a49da092260,ca,42,17831,white,beige,hyundai motor america/co car,17750,18200,Tue Dec 16 2014 12:00:00 GMT-0800 (PST)
2013,Infiniti,G Sedan,G37 Journey,G Sedan,automatic,jn1cv6ap5dm713782,ca,27,26792,gray,gray,nissan infiniti lt,22600,18000,Tue Dec 16 2014 12:30:00 GMT-0800 (PST)
2013,Hyundai,Azera,Base,Sedan,automatic,kmhfh4jg7da330493,ca,43,19152,silver,beige,hyundai motor america/co car,21000,22200,Tue Dec 16 2014 12:00:00 GMT-0800 (PST)
2013,Infiniti,G Coupe,G37 Sport,G Coupe,automatic,jn1cv6ek5dm920106,ca,44,19492,white,black,nissan infiniti lt,25300,26250,Thu Dec 18 2014 12:30:00 GMT-0800 (PST)
2013,Hyundai,Sonata,GLS,Sedan,automatic,5npeb4ac1dh680502,ca,34,50160,blue,gray,avis rac/san leandro,11500,11900,Wed Dec 31 2014 12:30:00 GMT-0800 (PST)
2013,Infiniti,G Sedan,G37 Journey,G Sedan,automatic,jn1cv6apxdm714605,ca,45,19368,white,black,nissan infiniti lt,23300,23000,Thu Dec 18 2014 12:30:00 GMT-0800 (PST)
2013,Hyundai,Genesis,5.0 R-Spec,Sedan,automatic,kmhgc4dh8du258211,ca,39,12154,white,black,hyundai motor america/co car,27900,27500,Tue Dec 16 2014 12:00:00 GMT-0800 (PST)
2013,Hyundai,Equus,Ultimate,Sedan,automatic,kmhgh4jh3du064689,ca,43,11566,white,beige,hyundai buybacks,36800,25000,Tue Dec 16 2014 12:00:00 GMT-0800 (PST)
2013,Infiniti,G Sedan,G37 Journey,G Sedan,automatic,jn1cv6ap7dm713816,ca,47,25635,white,beige,nissan infiniti lt,22600,26500,Thu Dec 18 2014 12:30:00 GMT-0800 (PST)
2013,Hyundai,Sonata,GLS,Sedan,automatic,5npeb4acxdh752037,ca,37,39062,blue,gray,avis corporation,12000,12200,Thu Dec 18 2014 11:30:00 GMT-0800 (PST)
2013,Hyundai,Elantra,GLS,Sedan,automatic,5npdh4ae7dh327127,ca,2,29006,gray,gray,enterprise vehicle exchange / tra / rental / tulsa,11900,8700,Tue Dec 16 2014 12:00:00 GMT-0800 (PST)
2013,Hyundai,Elantra,GLS,Sedan,automatic,kmhdh4ae7du946909,ca,48,8559,red,beige,hyundai buybacks,13150,10800,Tue Dec 16 2014 12:00:00 GMT-0800 (PST)
2013,Infiniti,G Sedan,G37 Journey,G Sedan,automatic,jn1cv6ap1dm712273,ca,39,26907,gray,black,nissan infiniti lt,22400,21750,Thu Dec 18 2014 12:30:00 GMT-0800 (PST)
2013,Infiniti,G Sedan,G37 Journey,G Sedan,automatic,jn1cv6ap5dm721977,ca,34,14765,gray,black,nissan infiniti lt,23900,23500,Thu Dec 18 2014 12:30:00 GMT-0800 (PST)
2013,Infiniti,G Sedan,G37 Journey,G Sedan,automatic,jn1cv6ap3dm710802,ca,43,18673,gray,gray,nissan infiniti lt,23400,22000,Thu Dec 18 2014 12:30:00 GMT-0800 (PST)
2013,Hyundai,Elantra,GLS,Sedan,automatic,kmhdh4ae2du726688,ca,,37279,red,beige,enterprise vehicle exchange / tra / rental / tulsa,11400,4500,Tue Dec 16 2014 13:00:00 GMT-0800 (PST)
2013,Infiniti,G Sedan,G37 Journey,G Sedan,automatic,jn1cv6ap2dm712489,ca,37,20707,white,black,nissan infiniti lt,23200,23500,Tue Dec 23 2014 12:30:00 GMT-0800 (PST)
2013,Hyundai,Veloster,Turbo,Hatchback,automatic,kmhtc6ae3du146243,ca,42,8467,black,black,hyundai motor america/co car,15050,16300,Tue Dec 16 2014 12:00:00 GMT-0800 (PST)
2013,Infiniti,G Sedan,G37 Journey,G Sedan,automatic,jn1cv6ap4dm715250,ca,44,16009,gray,black,nissan infiniti lt,23700,22750,Thu Dec 18 2014 12:30:00 GMT-0800 (PST)
2013,Infiniti,G Sedan,G37 Journey,G Sedan,automatic,jn1cv6ap0dm714516,ca,4,15260,silver,black,nissan infiniti lt,23800,24500,Thu Dec 18 2014 12:30:00 GMT-0800 (PST)
2013,Hyundai,Sonata Hybrid,Base,Sedan,automatic,kmhec4a4xda091084,ca,44,9539,silver,gray,hyundai motor america/co car,15450,14900,Tue Dec 16 2014 12:00:00 GMT-0800 (PST)
2013,Infiniti,G Sedan,G37 Journey,G Sedan,automatic,jn1cv6apxdm300417,ca,36,20976,black,black,nissan infiniti lt,23100,21000,Thu Dec 18 2014 12:30:00 GMT-0800 (PST)
2013,Infiniti,G Sedan,G37 Journey,G Sedan,automatic,jn1cv6ap3dm714428,ca,46,22294,black,black,nissan infiniti lt,23000,24750,Thu Dec 18 2014 12:30:00 GMT-0800 (PST)
2013,Hyundai,Sonata,GLS,Sedan,automatic,5npeb4ac3dh722331,ca,2,44135,gray,gray,fox rent a car tra,11650,8400,Tue Dec 16 2014 12:00:00 GMT-0800 (PST)
2013,Infiniti,G Coupe,G37 Sport,G Coupe,automatic,jn1cv6ek7dm921385,ca,4,30556,gray,black,nissan infiniti lt,23900,23500,Thu Dec 18 2014 12:30:00 GMT-0800 (PST)
2013,Infiniti,G Sedan,G37 Journey,G Sedan,automatic,jn1cv6ap2dm714792,ca,41,29731,white,beige,nissan infiniti lt,22100,21000,Thu Dec 18 2014 12:30:00 GMT-0800 (PST)
2013,Hyundai,Elantra,GLS,Sedan,automatic,5npdh4ae4dh385955,ca,1,36957,red,beige,enterprise vehicle exchange / tra / rental / tulsa,11400,9400,Wed Dec 17 2014 15:05:00 GMT-0800 (PST)
2013,Infiniti,G Coupe,G37 Sport,G Coupe,automatic,jn1cv6ek3dm920766,ca,44,13321,white,gray,nissan infiniti lt,26100,26000,Thu Dec 18 2014 12:30:00 GMT-0800 (PST)
2013,Hyundai,Azera,Base,Sedan,automatic,kmhfh4jg5da257916,ca,36,6552,black,black,hyundai motor america/co car,21800,21400,Tue Dec 16 2014 12:00:00 GMT-0800 (PST)
2013,Hyundai,Sonata Hybrid,Limited,Sedan,automatic,kmhec4a4xda091246,ca,43,22143,red,beige,hyundai motor america/co car,17150,17100,Tue Dec 16 2014 12:00:00 GMT-0800 (PST)
2013,Infiniti,G Sedan,G37 Journey,G Sedan,automatic,jn1cv6ap1dm719644,ca,45,23420,gray,black,nissan infiniti lt,22800,22250,Thu Dec 18 2014 12:30:00 GMT-0800 (PST)
2013,Hyundai,Accent,GLS,Sedan,automatic,kmhct4ae6du523099,ca,2,33078,white,beige,enterprise vehicle exchange / tra / rental / tulsa,9675,7800,Tue Dec 16 2014 12:00:00 GMT-0800 (PST)
2013,Infiniti,G Sedan,G37 Journey,G Sedan,automatic,jn1cv6apxdm710375,ca,32,28875,gray,black,nissan infiniti lt,22200,21000,Thu Dec 18 2014 12:30:00 GMT-0800 (PST)
2013,Hyundai,Accent,SE,Hatchback,automatic,kmhcu5ae2du138898,ca,49,6747,gray,black,hyundai motor america/co car,11300,11900,Tue Dec 16 2014 12:00:00 GMT-0800 (PST)
2013,Hyundai,Elantra,GLS,Sedan,automatic,5npdh4ae0dh344075,ca,44,38170,gray,beige,enterprise vehicle exchange/orange,11350,11600,Tue Dec 16 2014 12:30:00 GMT-0800 (PST)
2013,Infiniti,G Sedan,G37 Journey,G Sedan,automatic,jn1cv6apxdm712482,ca,44,23156,white,black,nissan infiniti lt,23100,23000,Wed Dec 17 2014 12:30:00 GMT-0800 (PST)
2013,Hyundai,Sonata,GLS,Sedan,automatic,5npeb4ac8dh687043,ca,28,32387,silver,gray,skyhigh remarketing inc,12400,9750,Wed Dec 17 2014 12:15:00 GMT-0800 (PST)
2013,Hyundai,Sonata,GLS,Sedan,automatic,5npeb4ac5dh745416,ca,42,40593,white,beige,enterprise veh exchange/rental,11900,12000,Thu Dec 18 2014 11:30:00 GMT-0800 (PST)
2013,Infiniti,G Coupe,G37 Sport,G Coupe,automatic,jn1cv6ek9dm921386,ca,48,13661,gray,black,nissan infiniti lt,26100,26500,Wed Dec 17 2014 12:30:00 GMT-0800 (PST)
2013,Infiniti,G Sedan,G37 Journey,G Sedan,automatic,jn1cv6ap8dm301100,ca,45,21557,white,black,nissan infiniti lt,23100,25250,Thu Dec 18 2014 12:30:00 GMT-0800 (PST)
2013,Infiniti,G Sedan,G37 Journey,G Sedan,automatic,jn1cv6ap8dm712058,ca,38,20067,gray,black,nissan infiniti lt,23300,24000,Thu Dec 18 2014 12:30:00 GMT-0800 (PST)
2013,Hyundai,Sonata,Limited,Sedan,automatic,5npec4ab6dh539798,ca,39,45991,gray,gray,hyundai motor america/co car,15750,17200,Tue Feb 17 2015 04:00:00 GMT-0800 (PST)
2013,Infiniti,G Coupe,G37 Sport,G Coupe,automatic,jn1cv6ekxdm921560,ca,42,22354,gray,black,nissan infiniti lt,24900,25000,Thu Dec 18 2014 12:30:00 GMT-0800 (PST)
2013,Hyundai,Genesis,3.8,Sedan,automatic,kmhgc4dd2du221961,ca,46,20952,silver,black,hyundai motor america/co car,18650,22200,Tue Dec 16 2014 12:00:00 GMT-0800 (PST)
2013,Hyundai,Santa Fe,Sport 2.0T,SUV,automatic,5xyzu3laxdg105372,ca,46,15758,gray,black,hyundai motor america/co car,21600,21400,Tue Dec 16 2014 12:00:00 GMT-0800 (PST)
2013,Hyundai,Sonata,GLS,Sedan,automatic,5npeb4ac0dh721038,ca,37,37154,black,gray,hyundai motor finance,12400,12100,Tue Jan 27 2015 04:30:00 GMT-0800 (PST)
2013,Hyundai,Elantra,GLS,Sedan,automatic,kmhdh4ae4du797598,ca,24,35963,black,gray,hyundai motor finance,11500,11500,Tue Dec 16 2014 12:00:00 GMT-0800 (PST)
2013,Infiniti,G Sedan,G37 Journey,G Sedan,automatic,jn1cv6ap1dm714069,ca,44,28920,blue,gray,nissan infiniti lt,22200,23250,Thu Dec 18 2014 12:30:00 GMT-0800 (PST)
2013,Hyundai,Genesis,3.8,Sedan,automatic,kmhgc4dd0du214801,ca,3,19893,white,beige,remarketing by ge/film vehicle services,18800,22500,Tue Dec 16 2014 12:00:00 GMT-0800 (PST)
2013,Hyundai,Elantra,GLS,Sedan,automatic,5npdh4ae8dh375848,ca,38,38594,gray,gray,avis corporation,11350,11800,Tue Dec 16 2014 12:30:00 GMT-0800 (PST)
2013,Hyundai,Elantra,GLS,Sedan,automatic,5npdh4ae9dh243696,ca,44,19035,gray,gray,hyundai motor america/co car,12500,12600,Tue Dec 16 2014 12:00:00 GMT-0800 (PST)
2013,Infiniti,G Coupe,G37 Sport,G Coupe,automatic,jn1cv6ek5dm900664,ca,44,16605,black,black,nissan infiniti lt,25700,25500,Thu Dec 18 2014 12:30:00 GMT-0800 (PST)
2013,Infiniti,G Sedan,G37 Journey,G Sedan,automatic,jn1cv6ap9dm713509,ca,38,28127,silver,black,nissan infiniti lt,22300,21500,Thu Dec 18 2014 12:30:00 GMT-0800 (PST)
2013,Hyundai,Santa Fe,Sport 2.0T,SUV,automatic,5xyzwdla5dg083054,ca,45,14076,gray,black,hyundai motor america/co car,19800,25500,Tue Dec 16 2014 12:00:00 GMT-0800 (PST)
2013,Hyundai,Elantra Coupe,GS,Elantra Coupe,automatic,kmhdh6ae8du017422,ca,1,999999,blue,gray,hyundai motor finance,8025,2500,Tue Jan 27 2015 04:00:00 GMT-0800 (PST)
2013,Infiniti,G Sedan,G37 Journey,G Sedan,automatic,jn1cv6apxdm717651,ca,44,17916,blue,black,nissan infiniti lt,23800,24750,Wed Dec 17 2014 12:30:00 GMT-0800 (PST)
2013,Hyundai,Elantra,GLS,Sedan,automatic,5npdh4ae1dh345719,ca,46,42006,gray,beige,enterprise veh exchange/rental,11150,11300,Thu Dec 18 2014 11:30:00 GMT-0800 (PST)
2013,Hyundai,Equus,Ultimate,Sedan,automatic,kmhgh4jh5du065956,ca,41,7755,black,black,hyundai motor america/co car,35500,36000,Tue Dec 30 2014 12:30:00 GMT-0800 (PST)
2013,Hyundai,Elantra,GLS,Sedan,automatic,5npdh4ae7dh339679,ca,49,41481,silver,gray,avis rac/san leandro,11150,11500,Tue Dec 23 2014 12:30:00 GMT-0800 (PST)
2013,Infiniti,G Sedan,G37 Journey,G Sedan,automatic,jn1cv6ap6dm715699,ca,39,22828,black,black,nissan infiniti lt,22900,24500,Thu Dec 18 2014 12:30:00 GMT-0800 (PST)
2013,Hyundai,Sonata Hybrid,Base,Sedan,,kmhec4a4xda096513,ca,48,1111,silver,gray,hyundai motor america/co car,15550,15800,Tue Dec 16 2014 12:00:00 GMT-0800 (PST)
2013,Infiniti,G Sedan,G37 Journey,G Sedan,automatic,jn1cv6apxdm714281,ca,42,19729,—,black,nissan infiniti lt,23300,24500,Thu Dec 18 2014 12:30:00 GMT-0800 (PST)
2013,Hyundai,Accent,SE,Hatchback,automatic,kmhcu5ae3du079747,ca,46,27387,silver,black,hyundai motor america/co car,9950,11400,Tue Dec 16 2014 12:00:00 GMT-0800 (PST)
2013,Infiniti,G Sedan,G37 Journey,G Sedan,automatic,jn1cv6ap9dm716121,ca,39,23097,white,black,nissan infiniti lt,22900,21250,Thu Dec 18 2014 12:30:00 GMT-0800 (PST)
2013,Infiniti,G Sedan,G37 Journey,G Sedan,automatic,jn1cv6ap0dm714760,ca,45,9373,black,black,nissan infiniti lt,24900,26250,Wed Dec 17 2014 12:30:00 GMT-0800 (PST)
2013,Infiniti,G Sedan,G37 Journey,G Sedan,automatic,jn1cv6ap5dm720571,ca,49,15802,silver,black,nissan infiniti lt,23800,25000,Thu Dec 18 2014 12:30:00 GMT-0800 (PST)
2013,Infiniti,G Sedan,G37 Journey,G Sedan,automatic,jn1cv6ap7dm301475,ca,45,27333,black,black,nissan infiniti lt,22400,24500,Thu Dec 18 2014 12:30:00 GMT-0800 (PST)
2013,Hyundai,Sonata Hybrid,Base,Sedan,automatic,kmhec4a46da093060,ca,49,8495,white,beige,hyundai motor america/co car,15500,16100,Tue Dec 16 2014 12:00:00 GMT-0800 (PST)
2013,Hyundai,Sonata,GLS,Sedan,automatic,5npeb4acxdh740633,ca,43,22033,silver,gray,hyundai motor finance,13050,13700,Tue Dec 16 2014 12:00:00 GMT-0800 (PST)
2013,Infiniti,G Sedan,G37 Journey,G Sedan,automatic,jn1cv6ap1dm711625,ca,44,20263,black,black,nissan infiniti lt,23200,26000,Thu Dec 18 2014 12:30:00 GMT-0800 (PST)
2013,Infiniti,G Sedan,G37 Journey,G Sedan,automatic,jn1cv6ap1dm716758,ca,42,28694,black,black,nissan infiniti lt,22200,21500,Thu Dec 18 2014 12:30:00 GMT-0800 (PST)
2013,Infiniti,G Sedan,G37 Journey,G Sedan,automatic,jn1cv6ap0dm300670,ca,44,30464,gray,black,nissan infiniti lt,22000,24000,Thu Dec 18 2014 12:30:00 GMT-0800 (PST)
2013,Infiniti,G Sedan,G37 Journey,G Sedan,automatic,jn1cv6apxdm714264,ca,46,10610,white,gray,nissan infiniti lt,24400,23500,Thu Dec 18 2014 12:30:00 GMT-0800 (PST)
2013,Hyundai,Elantra,GLS,Sedan,automatic,5npdh4ae3dh364790,ca,,25447,silver,gray,enterprise vehicle exchange / tra / rental / tulsa,12150,7500,Tue Dec 16 2014 13:00:00 GMT-0800 (PST)
2013,Hyundai,Elantra,Limited,Sedan,automatic,5npdh4ae2dh264292,ca,31,13505,red,tan,hyundai motor america/co car,14550,13800,Tue Jan 27 2015 04:30:00 GMT-0800 (PST)
2013,Infiniti,G Sedan,G37 Journey,G Sedan,automatic,jn1cv6ap3dm719922,ca,44,19573,white,gray,nissan infiniti lt,23300,22000,Thu Dec 18 2014 12:30:00 GMT-0800 (PST)
2013,Hyundai,Veloster,Base,Hatchback,automatic,kmhtc6ad7du089181,ca,48,27532,yellow,black,hyundai buybacks,13100,11300,Tue Dec 16 2014 12:00:00 GMT-0800 (PST)
2013,Hyundai,Elantra,GLS,Sedan,automatic,5npdh4ae7dh345708,ca,2,33158,gray,beige,enterprise vehicle exchange / tra / rental / tulsa,11650,9400,Tue Dec 16 2014 12:00:00 GMT-0800 (PST)
2013,Hyundai,Sonata,GLS,Sedan,automatic,5npeb4ac6dh743092,ca,44,36991,white,beige,avis rac/san leandro,12100,13400,Wed Dec 17 2014 12:30:00 GMT-0800 (PST)
2013,Hyundai,Sonata,GLS,Sedan,automatic,5npeb4ac2dh745910,ca,2,35518,red,beige,enterprise vehicle exchange / tra / rental / tulsa,12200,10700,Tue Dec 16 2014 12:00:00 GMT-0800 (PST)
2013,Hyundai,Santa Fe,Limited,SUV,automatic,km8sr4hf1du031590,ca,5,15160,blue,gray,hyundai buybacks,23100,22200,Tue Dec 16 2014 12:00:00 GMT-0800 (PST)
2013,Infiniti,G Sedan,G37 Journey,G Sedan,automatic,jn1cv6ap6dm712365,ca,37,20202,black,black,nissan infiniti lt,23200,21750,Thu Dec 18 2014 12:30:00 GMT-0800 (PST)
2013,Hyundai,Genesis Coupe,3.8 Track,Genesis Coupe,automatic,kmhhu6kj0du110296,ca,48,12730,red,black,hyundai motor america/co car,21400,23000,Tue Dec 16 2014 12:00:00 GMT-0800 (PST)
2013,Hyundai,Sonata Hybrid,Limited,Sedan,automatic,kmhec4a48da091908,ca,47,11798,black,gray,hyundai motor america/co car,18650,18400,Tue Dec 16 2014 12:00:00 GMT-0800 (PST)
2013,Hyundai,Santa Fe,Sport,SUV,automatic,5xyztdlb2dg045704,ca,43,41783,green,beige,avis rac/san leandro,17600,17400,Wed Dec 31 2014 12:30:00 GMT-0800 (PST)
2013,Hyundai,Genesis,5.0 R-Spec,Sedan,automatic,kmhgc4dh6du220492,ca,44,35995,silver,black,hyundai motor america/co car,25900,27200,Tue Dec 16 2014 12:00:00 GMT-0800 (PST)
2013,Infiniti,G Sedan,G37 Journey,G Sedan,automatic,jn1cv6ap5dm711210,ca,46,17541,white,gray,nissan infiniti lt,23600,24750,Thu Dec 18 2014 12:30:00 GMT-0800 (PST)
2013,Hyundai,Sonata,GLS,Sedan,automatic,5npeb4ac7dh680813,ca,38,40322,silver,gray,avis corporation,11900,12300,Tue Dec 16 2014 12:30:00 GMT-0800 (PST)
2013,Hyundai,Sonata,GLS,Sedan,automatic,5npeb4ac7dh636875,ca,38,47516,black,beige,hyundai motor finance,11850,11700,Tue Jan 27 2015 04:30:00 GMT-0800 (PST)
2013,Hyundai,Accent,GS,Hatchback,manual,kmhct5ae8du091850,ca,47,15813,green,black,jpmorgan chase bank n.a.,10500,9500,Thu Dec 18 2014 12:00:00 GMT-0800 (PST)
2013,Infiniti,G Sedan,G37 Journey,G Sedan,automatic,jn1cv6ap0dm711549,ca,42,23470,black,black,nissan infiniti lt,22800,24500,Thu Dec 18 2014 12:30:00 GMT-0800 (PST)
2013,Infiniti,G Sedan,G37 Journey,G Sedan,automatic,jn1cv6ap3dm710234,ca,43,29782,gray,black,nissan infiniti lt,22100,21500,Thu Dec 18 2014 12:30:00 GMT-0800 (PST)
2013,Infiniti,G Sedan,G37 Journey,G Sedan,automatic,jn1cv6ap3dm710394,ca,39,10993,blue,black,nissan infiniti lt,24400,24250,Thu Dec 18 2014 12:30:00 GMT-0800 (PST)
2013,Infiniti,G Sedan,G37 Journey,G Sedan,automatic,jn1cv6ap7dm710365,ca,45,18921,gray,black,nissan infiniti lt,23400,21750,Thu Dec 18 2014 12:30:00 GMT-0800 (PST)
2013,Hyundai,Tucson,Limited,SUV,automatic,km8ju3ac6du590752,ca,44,32413,white,beige,hyundai motor america/co car,16150,17500,Tue Dec 16 2014 12:00:00 GMT-0800 (PST)
2013,Hyundai,Sonata Hybrid,Limited,Sedan,automatic,kmhec4a46da099621,ca,5,20,silver,gray,hyundai motor america/co car,20300,19900,Tue Dec 16 2014 12:00:00 GMT-0800 (PST)
2013,Infiniti,G Sedan,G37 Journey,G Sedan,automatic,jn1cv6ap0dm712653,ca,44,32437,white,black,nissan infiniti lt,22000,20500,Tue Dec 23 2014 12:30:00 GMT-0800 (PST)
2013,Hyundai,Elantra,GLS,Sedan,automatic,5npdh4ae5dh363852,ca,35,38388,gray,gray,enterprise vehicle exchange/orange,11350,11700,Tue Dec 16 2014 12:30:00 GMT-0800 (PST)
2013,Hyundai,Elantra,GLS,Sedan,automatic,kmhdh4aexdu731797,ca,4,21579,black,gray,hyundai motor finance,12350,12600,Tue Dec 16 2014 12:00:00 GMT-0800 (PST)
2013,Infiniti,G Sedan,G37 Journey,G Sedan,automatic,jn1cv6apxdm714880,ca,41,17672,black,black,nissan infiniti lt,23500,21500,Thu Dec 18 2014 12:30:00 GMT-0800 (PST)
2013,Hyundai,Sonata Hybrid,Limited,Sedan,automatic,kmhec4a40da092843,ca,45,13162,black,gray,hyundai motor america/co car,18450,18600,Tue Dec 16 2014 12:00:00 GMT-0800 (PST)
2013,Infiniti,G Coupe,G37 Sport,G Coupe,automatic,jn1cv6ek2dm922699,ca,41,13002,—,black,nissan infiniti lt,26100,26500,Thu Dec 18 2014 12:30:00 GMT-0800 (PST)
2013,Infiniti,G Sedan,G37 Journey,G Sedan,automatic,jn1cv6ap3dm713554,ca,37,16486,black,black,nissan infiniti lt,23700,24000,Thu Dec 18 2014 12:30:00 GMT-0800 (PST)
2013,Infiniti,G Sedan,G37 Journey,G Sedan,automatic,jn1cv6ap5dm713250,ca,43,11596,white,black,nissan infiniti lt,24300,26000,Thu Dec 18 2014 12:30:00 GMT-0800 (PST)
2013,Infiniti,G Sedan,G37 Journey,G Sedan,automatic,jn1cv6ap7dm716733,ca,42,16153,blue,black,nissan infiniti lt,23700,24000,Thu Dec 18 2014 12:30:00 GMT-0800 (PST)
2013,Infiniti,G Sedan,G37 Journey,G Sedan,automatic,jn1cv6ap4dm712607,ca,44,9785,blue,black,nissan infiniti lt,24500,23000,Thu Dec 18 2014 12:30:00 GMT-0800 (PST)
2013,Hyundai,Elantra,Limited,Sedan,automatic,5npdh4ae7dh225536,ca,37,13871,white,black,hyundai motor america/co car,15100,15900,Tue Dec 16 2014 12:00:00 GMT-0800 (PST)
2013,Infiniti,G Coupe,G37 Sport,G Coupe,automatic,jn1cv6ek5dm920784,ca,36,26843,gray,black,nissan infiniti lt,24400,24250,Thu Dec 18 2014 12:30:00 GMT-0800 (PST)
2013,Infiniti,G Coupe,G37 Sport,G Coupe,automatic,jn1cv6ek5dm920672,ca,37,18548,gray,black,nissan infiniti lt,25400,25000,Thu Dec 18 2014 12:30:00 GMT-0800 (PST)
2013,Infiniti,G Sedan,G37 Journey,G Sedan,automatic,jn1cv6ap1dm711334,ca,42,25016,white,black,nissan infiniti lt,22700,24750,Thu Dec 18 2014 12:30:00 GMT-0800 (PST)
2013,Hyundai,Genesis,3.8,Sedan,automatic,kmhgc4dd7du226203,ca,43,11041,black,beige,hyundai motor finance,19800,12500,Tue Dec 16 2014 12:00:00 GMT-0800 (PST)
2013,Infiniti,G Sedan,G37 Journey,G Sedan,automatic,jn1cv6ap4dm714969,ca,44,9535,black,black,nissan infiniti lt,24500,25000,Thu Dec 18 2014 12:30:00 GMT-0800 (PST)
2013,Hyundai,Sonata,GLS,Sedan,automatic,5npeb4acxdh745962,ca,25,40045,white,beige,avis corporation,11900,12300,Tue Dec 16 2014 12:30:00 GMT-0800 (PST)
2013,Infiniti,G Sedan,G37 Journey,G Sedan,automatic,jn1cv6ap9dm714417,ca,45,23481,white,black,nissan infiniti lt,22800,25750,Thu Dec 18 2014 12:30:00 GMT-0800 (PST)
2013,Hyundai,Sonata,GLS,Sedan,automatic,5npeb4ac3dh734477,ca,33,37499,blue,gray,avis corporation,12050,12400,Tue Dec 16 2014 12:30:00 GMT-0800 (PST)
2013,Infiniti,G Sedan,G37 Journey,G Sedan,automatic,jn1cv6ap8dm715803,ca,43,13273,gray,gray,nissan infiniti lt,24100,25750,Thu Dec 18 2014 12:30:00 GMT-0800 (PST)
2013,Hyundai,Sonata,GLS,Sedan,automatic,5npeb4ac1dh733036,ca,3,37060,blue,gray,enterprise vehicle exchange / tra / rental / tulsa,12350,10100,Tue Dec 30 2014 13:00:00 GMT-0800 (PST)
2013,Hyundai,Santa Fe,Sport 2.0T,SUV,automatic,5xyzu3la5dg079070,ca,5,66,silver,black,hyundai motor america/co car,23100,20800,Tue Dec 16 2014 12:00:00 GMT-0800 (PST)
2013,Hyundai,Accent,GLS,Sedan,automatic,kmhct4ae4du422188,ca,2,35828,gold,beige,enterprise vehicle exchange / tra / rental / tulsa,9600,6700,Tue Dec 16 2014 13:00:00 GMT-0800 (PST)
2013,Infiniti,G Sedan,G37 Journey,G Sedan,automatic,jn1cv6ap2dm714338,ca,42,20408,gray,black,nissan infiniti lt,23500,24000,Wed Dec 17 2014 12:30:00 GMT-0800 (PST)
2013,Hyundai,Sonata,GLS,Sedan,automatic,5npeb4ac7dh549834,ca,39,36564,—,beige,hyundai motor finance,12450,12400,Tue Jan 27 2015 04:30:00 GMT-0800 (PST)
2013,Infiniti,G Sedan,G37 Journey,G Sedan,automatic,jn1cv6ap8dm712593,ca,44,16833,gray,black,nissan infiniti lt,23600,24750,Thu Dec 18 2014 12:30:00 GMT-0800 (PST)
2013,Hyundai,Elantra,GLS,Sedan,automatic,5npdh4ae5dh323156,ca,36,40079,silver,—,enterprise veh exchange/rental,11250,11300,Thu Dec 18 2014 11:30:00 GMT-0800 (PST)
2013,Infiniti,G Coupe,G37 Sport,G Coupe,automatic,jn1cv6ek0dm921180,ca,45,16219,gray,black,nissan infiniti lt,25700,26500,Tue Dec 16 2014 12:30:00 GMT-0800 (PST)
2013,Infiniti,G Sedan,G37 Journey,G Sedan,automatic,jn1cv6ap3dm713666,ca,42,20070,gray,black,nissan infiniti lt,23300,22000,Thu Dec 18 2014 12:30:00 GMT-0800 (PST)
2013,Infiniti,G Sedan,G37 Journey,G Sedan,automatic,jn1cv6ap3dm712825,ca,39,13632,gray,gray,nissan infiniti lt,24000,22000,Thu Dec 18 2014 12:30:00 GMT-0800 (PST)
2013,Infiniti,G Coupe,G37 Sport,G Coupe,automatic,jn1cv6ek2dm923402,ca,39,6802,white,black,nissan infiniti lt,26900,23250,Tue Jan 13 2015 12:30:00 GMT-0800 (PST)
2013,Infiniti,G Sedan,G37 Journey,G Sedan,automatic,jn1cv6ap2dm712928,ca,42,20432,white,black,nissan infiniti lt,23200,24250,Thu Dec 18 2014 12:30:00 GMT-0800 (PST)
2013,Hyundai,Elantra,GLS,Sedan,automatic,5npdh4aexdh303629,ca,1,24120,brown,beige,hyundai motor finance,11950,5200,Tue Jan 13 2015 12:00:00 GMT-0800 (PST)
2013,Infiniti,G Sedan,G37 Journey,G Sedan,automatic,jn1cv6ap8dm300447,ca,47,17203,—,beige,nissan infiniti lt,23900,24750,Wed Dec 17 2014 12:30:00 GMT-0800 (PST)
2013,Hyundai,Sonata,SE,Sedan,automatic,5npec4ac9dh600084,ca,48,10241,blue,gray,hyundai motor america/co car,15100,16900,Tue Dec 16 2014 12:00:00 GMT-0800 (PST)
2013,Hyundai,Elantra,GLS,Sedan,automatic,5npdh4aexdh317398,ca,1,41710,gray,gray,enterprise vehicle exchange / tra / rental / tulsa,11150,7700,Tue Dec 16 2014 12:00:00 GMT-0800 (PST)
2013,Hyundai,Sonata,GLS,Sedan,automatic,5npeb4ac5dh648748,ca,39,25895,white,beige,jpmorgan chase bank n.a.,12850,12900,Thu Dec 18 2014 12:00:00 GMT-0800 (PST)
2013,Jeep,Wrangler,Unlimited Rubicon,SUV,manual,1c4bjwfg4dl585036,ca,47,9153,red,gray,clear view systems,34300,35250,Tue Dec 16 2014 12:30:00 GMT-0800 (PST)
2013,Kia,Optima,EX Hybrid,Sedan,automatic,knagm4ad1d5057809,ca,44,16045,white,beige,kia motors america  inc,16000,16800,Tue Dec 16 2014 12:30:00 GMT-0800 (PST)
2013,Nissan,Altima,2.5,Sedan,automatic,1n4al3ap3dn535427,ca,36,37136,red,beige,avis corporation,12900,13800,Tue Dec 16 2014 12:30:00 GMT-0800 (PST)
2013,Mercedes-Benz,S-Class,S550,Sedan,automatic,wddng7db2da502214,ca,36,4811,black,black,mercedes-benz financial services,55100,45500,Thu Jan 29 2015 04:30:00 GMT-0800 (PST)
2013,Nissan,Altima,2.5,Sedan,automatic,1n4al3ap4dn454940,ca,32,62381,black,black,the hertz corporation,11700,11900,Tue Dec 16 2014 12:30:00 GMT-0800 (PST)
2013,Lexus,GS 350,Base,Sedan,automatic,jthbe1bl9d5002103,ca,36,39590,white,white,lexus financial services,32100,32100,Wed Dec 17 2014 12:30:00 GMT-0800 (PST)
2013,Mitsubishi,Outlander,SE,SUV,automatic,ja4jt3aw5du020785,ca,39,36071,silver,black,avis rac/san leandro,14750,15000,Wed Dec 31 2014 12:30:00 GMT-0800 (PST)
2013,Kia,Optima,EX Hybrid,Sedan,automatic,knagm4ad9d5054379,ca,46,11757,black,black,kia motors america  inc,16050,16500,Tue Dec 16 2014 12:30:00 GMT-0800 (PST)
